total_attacks,intercepted,missed,success_rate,avg_detection_time
1086,5,1070,0.004604051565377533,0.0
1099,3,1079,0.00272975432211101,6.0
1021,5,0,0.004897159647404506,2.4
1021,5,0,0.004897159647404506,2.4
1063,4,0,0.0037629350893697085,3.0
1037,2,0,0.0019286403085824494,1.5
1037,2,0,0.0019286403085824494,1.5
1034,0,0,0.0,0.0
1034,0,0,0.0,0.0
1028,0,0,0.0,0.0
1037,0,0,0.0,0.0
1037,0,0,0.0,0.0
1021,0,0,0.0,0.0
1021,0,0,0.0,0.0
1021,0,0,0.0,0.0
