total_attacks,intercepted,missed,success_rate,avg_detection_time
1086,5,1070,0.004604051565377533,0.0
1099,3,1079,0.00272975432211101,6.0
